{"default": {"mcc": [0.7820739426502566, 0.7482816716069434, 0.8139426985438297], "ami": [0.504230201558179, 0.45874782336212144, 0.5608111459283011], "ari": [0.6100831780482485, 0.5571479806562782, 0.6628509493498591], "wmcc": [0.7820739426502566, 0.7482816716069434, 0.8139426985438297], "wami": [0.504230201558179, 0.45874782336212144, 0.5608111459283011], "wari": [0.6100831780482485, 0.5571479806562782, 0.6628509493498591], "map": 0.9409502252469594, "wmap": 0.9409502252469594, "energy": 0.5547744370975803, "wenergy": 0.5547744370975803, "acceptance_rate": 1.0, "recall": [0.9104, 0.8877679720918643, 0.9322849588108417], "wrecall": [0.9104, 0.8877679720918643, 0.9322849588108417], "n": 1271, "coverage": 1.0}, "conformal": {"mcc": [0.7848387303109996, 0.7491808955114156, 0.8190763594329354], "ami": [0.5086798024077033, 0.45514461113464627, 0.5604160577222175], "ari": [0.614213264443564, 0.5609715377660447, 0.6672836467634924], "wmcc": [0.7829862392087706, 0.7505646757383265, 0.8143642372158848], "wami": [0.5074791419771579, 0.45458068169175553, 0.558652600697349], "wari": [0.6127635085086068, 0.5596488718434486, 0.6657084721491131], "map": 0.9412194124440356, "wmap": 0.9389978087954659, "energy": 0.5561389892919852, "wenergy": 0.5548263087507768, "acceptance_rate": 1.0, "recall": [0.913322632423756, 0.8914091424547305, 0.9354927053359583], "wrecall": [0.913322632423756, 0.8912329220779222, 0.9349216027874565], "n": 1268, "coverage": 0.4917387883556255}}